"Id","Event","Risk","Name","SizeMB","Modified","Path","Relative"
"P001","Team existing","existing-web-team-image","professor_林穎凡.png","2.42","2025/3/30 下午 06:56:00","C:\Users\YFLin\OneDrive - 中原大學\Cursor作品\林穎凡個人網頁\images\team\professor_林穎凡.png","professor_林穎凡.png"
"P002","Team existing","existing-web-team-image","student_wang.png","2.76","2025/3/30 下午 06:56:14","C:\Users\YFLin\OneDrive - 中原大學\Cursor作品\林穎凡個人網頁\images\team\student_wang.png","student_wang.png"
"P003","Team existing","existing-web-team-image","student_lo.png","2.77","2025/3/30 下午 07:21:53","C:\Users\YFLin\OneDrive - 中原大學\Cursor作品\林穎凡個人網頁\images\team\student_lo.png","student_lo.png"
"P004","Team existing","existing-web-team-image","student_chen.png","1.56","2025/3/30 下午 08:40:40","C:\Users\YFLin\OneDrive - 中原大學\Cursor作品\林穎凡個人網頁\images\team\student_chen.png","student_chen.png"
"P005","Team existing","existing-web-team-image","student_chiu.png","1.83","2025/3/30 下午 09:29:28","C:\Users\YFLin\OneDrive - 中原大學\Cursor作品\林穎凡個人網頁\images\team\student_chiu.png","student_chiu.png"
"P006","Team existing","existing-web-team-image","student_tsai.png","2.44","2025/3/30 下午 09:43:21","C:\Users\YFLin\OneDrive - 中原大學\Cursor作品\林穎凡個人網頁\images\team\student_tsai.png","student_tsai.png"
"P007","2024 conference","likely-public-event","Fig1.png","0.23","2024/11/18 下午 02:17:13","C:\Users\YFLin\OneDrive - 中原大學\中原林穎凡資料夾\2. 研究計畫\2024研討會\力學研討會\Fig1.png","力學研討會\Fig1.png"
"P008","2024 conference","likely-public-event","Fig2.png","0.21","2024/11/18 下午 02:17:29","C:\Users\YFLin\OneDrive - 中原大學\中原林穎凡資料夾\2. 研究計畫\2024研討會\力學研討會\Fig2.png","力學研討會\Fig2.png"
"P009","2024 conference","likely-public-event","Fig_1.png","0.04","2024/11/18 下午 02:42:11","C:\Users\YFLin\OneDrive - 中原大學\中原林穎凡資料夾\2. 研究計畫\2024研討會\力學研討會\Fig_1.png","力學研討會\Fig_1.png"
"P010","2024 conference","likely-public-event","classification_error_rates_table.png","0.03","2024/11/18 下午 02:44:58","C:\Users\YFLin\OneDrive - 中原大學\中原林穎凡資料夾\2. 研究計畫\2024研討會\力學研討會\classification_error_rates_table.png","力學研討會\classification_error_rates_table.png"
"P011","2024 conference","likely-public-event","classification_error_trends.png","0.07","2024/11/18 下午 02:44:58","C:\Users\YFLin\OneDrive - 中原大學\中原林穎凡資料夾\2. 研究計畫\2024研討會\力學研討會\classification_error_trends.png","力學研討會\classification_error_trends.png"
"P012","2024 conference","likely-public-event","Fig_0.png","0.07","2024/11/18 下午 02:51:57","C:\Users\YFLin\OneDrive - 中原大學\中原林穎凡資料夾\2. 研究計畫\2024研討會\力學研討會\Fig_0.png","力學研討會\Fig_0.png"
"P013","2024 conference","likely-public-event","classification_results_sampling_100.png","0.05","2024/11/18 下午 02:53:17","C:\Users\YFLin\OneDrive - 中原大學\中原林穎凡資料夾\2. 研究計畫\2024研討會\力學研討會\classification_results_sampling_100.png","力學研討會\classification_results_sampling_100.png"
"P014","2024 conference","likely-public-event","classification_results_sampling_200.png","0.06","2024/11/18 下午 02:53:18","C:\Users\YFLin\OneDrive - 中原大學\中原林穎凡資料夾\2. 研究計畫\2024研討會\力學研討會\classification_results_sampling_200.png","力學研討會\classification_results_sampling_200.png"
"P015","2024 conference","review","圖3.jpg","0.35","2024/8/27 上午 09:18:46","C:\Users\YFLin\OneDrive - 中原大學\中原林穎凡資料夾\2. 研究計畫\2024研討會\圖3.jpg","圖3.jpg"
"P016","2024 conference","review","圖2.jpg","0.25","2024/8/27 上午 09:19:21","C:\Users\YFLin\OneDrive - 中原大學\中原林穎凡資料夾\2. 研究計畫\2024研討會\圖2.jpg","圖2.jpg"
"P017","2024 conference","review","圖1.jpg","0.22","2024/8/27 上午 09:19:59","C:\Users\YFLin\OneDrive - 中原大學\中原林穎凡資料夾\2. 研究計畫\2024研討會\圖1.jpg","圖1.jpg"
"P018","2024 conference","review","wrcr11293-fig-0001.png","0.2","2024/9/28 上午 07:38:20","C:\Users\YFLin\OneDrive - 中原大學\中原林穎凡資料夾\2. 研究計畫\2024研討會\wrcr11293-fig-0001.png","wrcr11293-fig-0001.png"
"P019","2024 conference","review","FIG_jpg.jpg","0.06","2024/9/28 上午 07:39:33","C:\Users\YFLin\OneDrive - 中原大學\中原林穎凡資料夾\2. 研究計畫\2024研討會\FIG_jpg.jpg","FIG_jpg.jpg"
"P020","2025 conference","likely-public-event","主持.jpg","0.11","2025/6/2 上午 09:10:51","C:\Users\YFLin\OneDrive - 中原大學\中原林穎凡資料夾\2. 研究計畫\2025研討會\JpGU\照片\主持.jpg","JpGU\照片\主持.jpg"
"P021","2025 conference","likely-public-event","海報.jpg","0.25","2025/6/2 上午 09:11:12","C:\Users\YFLin\OneDrive - 中原大學\中原林穎凡資料夾\2. 研究計畫\2025研討會\JpGU\照片\海報.jpg","JpGU\照片\海報.jpg"
"P022","2025 conference","likely-public-event","德永.jpg","0.26","2025/6/2 上午 09:11:35","C:\Users\YFLin\OneDrive - 中原大學\中原林穎凡資料夾\2. 研究計畫\2025研討會\JpGU\照片\德永.jpg","JpGU\照片\德永.jpg"
"P023","2025 conference","likely-public-event","討論1.jpg","0.32","2025/6/2 上午 09:25:47","C:\Users\YFLin\OneDrive - 中原大學\中原林穎凡資料夾\2. 研究計畫\2025研討會\JpGU\照片\討論1.jpg","JpGU\照片\討論1.jpg"
"P024","2025 conference","likely-public-event","討論2.jpg","0.35","2025/6/2 上午 09:25:55","C:\Users\YFLin\OneDrive - 中原大學\中原林穎凡資料夾\2. 研究計畫\2025研討會\JpGU\照片\討論2.jpg","JpGU\照片\討論2.jpg"
"P025","2025 conference","likely-public-event","大會會場.jpg","0.23","2025/6/2 上午 09:43:34","C:\Users\YFLin\OneDrive - 中原大學\中原林穎凡資料夾\2. 研究計畫\2025研討會\JpGU\照片\大會會場.jpg","JpGU\照片\大會會場.jpg"
"P026","2025 conference","likely-public-event","林穎凡01.jpg","0.06","2025/5/28 下午 03:05:09","C:\Users\YFLin\OneDrive - 中原大學\中原林穎凡資料夾\2. 研究計畫\2025研討會\TGA\林穎凡01.jpg","TGA\林穎凡01.jpg"
"P027","2025 conference","likely-public-event","LINE_ALBUM_2025616南港TGA研討會_250617_1.jpg","0.13","2025/6/17 上午 10:12:22","C:\Users\YFLin\OneDrive - 中原大學\中原林穎凡資料夾\2. 研究計畫\2025研討會\TGA\活動照片\LINE_ALBUM_2025616南港TGA研討會_250617_1.jpg","TGA\活動照片\LINE_ALBUM_2025616南港TGA研討會_250617_1.jpg"
"P028","2025 conference","likely-public-event","LINE_ALBUM_2025616南港TGA研討會_250617_2.jpg","0.15","2025/6/17 上午 10:12:23","C:\Users\YFLin\OneDrive - 中原大學\中原林穎凡資料夾\2. 研究計畫\2025研討會\TGA\活動照片\LINE_ALBUM_2025616南港TGA研討會_250617_2.jpg","TGA\活動照片\LINE_ALBUM_2025616南港TGA研討會_250617_2.jpg"
"P029","2025 conference","likely-public-event","LINE_ALBUM_2025616南港TGA研討會_250617_3.jpg","0.13","2025/6/17 上午 10:12:26","C:\Users\YFLin\OneDrive - 中原大學\中原林穎凡資料夾\2. 研究計畫\2025研討會\TGA\活動照片\LINE_ALBUM_2025616南港TGA研討會_250617_3.jpg","TGA\活動照片\LINE_ALBUM_2025616南港TGA研討會_250617_3.jpg"
"P030","2025 conference","likely-public-event","LINE_ALBUM_2025616南港TGA研討會_250617_4.jpg","0.11","2025/6/17 上午 10:12:29","C:\Users\YFLin\OneDrive - 中原大學\中原林穎凡資料夾\2. 研究計畫\2025研討會\TGA\活動照片\LINE_ALBUM_2025616南港TGA研討會_250617_4.jpg","TGA\活動照片\LINE_ALBUM_2025616南港TGA研討會_250617_4.jpg"
"P031","2025 conference","likely-public-event","LINE_ALBUM_2025616南港TGA研討會_250617_5.jpg","0.11","2025/6/17 上午 10:12:31","C:\Users\YFLin\OneDrive - 中原大學\中原林穎凡資料夾\2. 研究計畫\2025研討會\TGA\活動照片\LINE_ALBUM_2025616南港TGA研討會_250617_5.jpg","TGA\活動照片\LINE_ALBUM_2025616南港TGA研討會_250617_5.jpg"
"P032","2025 conference","likely-public-event","LINE_ALBUM_2025616南港TGA研討會_250617_6.jpg","0.12","2025/6/17 上午 10:12:33","C:\Users\YFLin\OneDrive - 中原大學\中原林穎凡資料夾\2. 研究計畫\2025研討會\TGA\活動照片\LINE_ALBUM_2025616南港TGA研討會_250617_6.jpg","TGA\活動照片\LINE_ALBUM_2025616南港TGA研討會_250617_6.jpg"
"P033","2025 conference","review","TRF_best_fit.png","0.11","2025/9/14 下午 03:09:43","C:\Users\YFLin\OneDrive - 中原大學\中原林穎凡資料夾\2. 研究計畫\2025研討會\水利研討會\湘雯\figs\TRF_best_fit.png","水利研討會\湘雯\figs\TRF_best_fit.png"
"P034","2025 conference","review","TRF_best_qq.png","0.1","2025/9/14 下午 03:09:44","C:\Users\YFLin\OneDrive - 中原大學\中原林穎凡資料夾\2. 研究計畫\2025研討會\水利研討會\湘雯\figs\TRF_best_qq.png","水利研討會\湘雯\figs\TRF_best_qq.png"
"P035","2025 conference","review","TRF_best_residuals.png","0.08","2025/9/14 下午 03:09:44","C:\Users\YFLin\OneDrive - 中原大學\中原林穎凡資料夾\2. 研究計畫\2025研討會\水利研討會\湘雯\figs\TRF_best_residuals.png","水利研討會\湘雯\figs\TRF_best_residuals.png"
"P036","2025 conference","review","TRF_best_pred_vs_obs.png","0.12","2025/9/14 下午 03:09:45","C:\Users\YFLin\OneDrive - 中原大學\中原林穎凡資料夾\2. 研究計畫\2025研討會\水利研討會\湘雯\figs\TRF_best_pred_vs_obs.png","水利研討會\湘雯\figs\TRF_best_pred_vs_obs.png"
"P037","2025 conference","review","F2_reliability_identifiability_corr.png","0.7","2025/9/14 下午 03:31:24","C:\Users\YFLin\OneDrive - 中原大學\中原林穎凡資料夾\2. 研究計畫\2025研討會\水利研討會\湘雯\figs\F2_reliability_identifiability_corr.png","水利研討會\湘雯\figs\F2_reliability_identifiability_corr.png"
"P038","2025 conference","review","F2_reliability_identifiability_from_cache.png","0.58","2025/9/14 下午 03:59:00","C:\Users\YFLin\OneDrive - 中原大學\中原林穎凡資料夾\2. 研究計畫\2025研討會\水利研討會\湘雯\figs\F2_reliability_identifiability_from_cache.png","水利研討會\湘雯\figs\F2_reliability_identifiability_from_cache.png"
"P039","2025 conference","review","terms_contour_1x3.png","0.32","2025/8/15 上午 09:57:33","C:\Users\YFLin\OneDrive - 中原大學\中原林穎凡資料夾\2. 研究計畫\2025研討會\秋田TRT\terms_contour_1x3.png","秋田TRT\terms_contour_1x3.png"
"P040","2025 conference","review","林穎凡01.jpg","0.06","2025/8/7 下午 02:31:51","C:\Users\YFLin\OneDrive - 中原大學\中原林穎凡資料夾\2. 研究計畫\2025研討會\農工研討會\林穎凡01.jpg","農工研討會\林穎凡01.jpg"
"P041","2025 conference","review","Fig1.png","1.05","2025/10/14 上午 07:12:03","C:\Users\YFLin\OneDrive - 中原大學\中原林穎凡資料夾\2. 研究計畫\2025研討會\農工研討會\Fig1.png","農工研討會\Fig1.png"
"P042","2025 conference","review","Fig2.png","0.82","2025/10/14 上午 07:22:12","C:\Users\YFLin\OneDrive - 中原大學\中原林穎凡資料夾\2. 研究計畫\2025研討會\農工研討會\Fig2.png","農工研討會\Fig2.png"
"P043","2025 conference","review","Fig3.png","0.92","2025/10/14 上午 08:02:17","C:\Users\YFLin\OneDrive - 中原大學\中原林穎凡資料夾\2. 研究計畫\2025研討會\農工研討會\Fig3.png","農工研討會\Fig3.png"
"P044","2026 conference","likely-public-event","narita-t1-stop4.png","0.51","2026/5/20 上午 07:20:23","C:\Users\YFLin\OneDrive - 中原大學\中原林穎凡資料夾\2. 研究計畫\2026研討會\JpGU\narita-t1-stop4.png","JpGU\narita-t1-stop4.png"
"P045","2026 conference","likely-public-event","jpgu-offline-mobile.png","0.05","2026/5/20 上午 07:54:17","C:\Users\YFLin\OneDrive - 中原大學\中原林穎凡資料夾\2. 研究計畫\2026研討會\JpGU\jpgu-offline-mobile.png","JpGU\jpgu-offline-mobile.png"
"P046","2026 conference","likely-public-event","jpgu-offline-mobile-qr.png","0.08","2026/5/20 上午 07:54:46","C:\Users\YFLin\OneDrive - 中原大學\中原林穎凡資料夾\2. 研究計畫\2026研討會\JpGU\jpgu-offline-mobile-qr.png","JpGU\jpgu-offline-mobile-qr.png"
"P047","2026 conference","likely-public-event","bot_usd_l6m_official_fullpage.png","0.96","2026/6/2 上午 09:08:57","C:\Users\YFLin\OneDrive - 中原大學\中原林穎凡資料夾\2. 研究計畫\2026研討會\JpGU\bot_usd_l6m_official_fullpage.png","JpGU\bot_usd_l6m_official_fullpage.png"
"P048","2026 conference","likely-public-event","bot_jpy_l6m_official_fullpage.png","0.91","2026/6/2 上午 09:09:20","C:\Users\YFLin\OneDrive - 中原大學\中原林穎凡資料夾\2. 研究計畫\2026研討會\JpGU\bot_jpy_l6m_official_fullpage.png","JpGU\bot_jpy_l6m_official_fullpage.png"
"P049","2026 conference","likely-public-event","LINE_ALBUM_JpGU (2026524)_260601_1.jpg","0.19","2026/6/1 上午 11:01:22","C:\Users\YFLin\OneDrive - 中原大學\中原林穎凡資料夾\2. 研究計畫\2026研討會\JpGU\照片\LINE_ALBUM_JpGU (2026524)_260601_1.jpg","JpGU\照片\LINE_ALBUM_JpGU (2026524)_260601_1.jpg"
"P050","2026 conference","likely-public-event","LINE_ALBUM_JpGU (2026524)_260601_2.jpg","0.18","2026/6/1 上午 11:01:24","C:\Users\YFLin\OneDrive - 中原大學\中原林穎凡資料夾\2. 研究計畫\2026研討會\JpGU\照片\LINE_ALBUM_JpGU (2026524)_260601_2.jpg","JpGU\照片\LINE_ALBUM_JpGU (2026524)_260601_2.jpg"
"P051","2026 conference","likely-public-event","LINE_ALBUM_JpGU (2026524)_260601_3.jpg","0.17","2026/6/1 上午 11:01:25","C:\Users\YFLin\OneDrive - 中原大學\中原林穎凡資料夾\2. 研究計畫\2026研討會\JpGU\照片\LINE_ALBUM_JpGU (2026524)_260601_3.jpg","JpGU\照片\LINE_ALBUM_JpGU (2026524)_260601_3.jpg"
"P052","2026 conference","likely-public-event","LINE_ALBUM_JpGU (2026524)_260601_4.jpg","0.17","2026/6/1 上午 11:01:26","C:\Users\YFLin\OneDrive - 中原大學\中原林穎凡資料夾\2. 研究計畫\2026研討會\JpGU\照片\LINE_ALBUM_JpGU (2026524)_260601_4.jpg","JpGU\照片\LINE_ALBUM_JpGU (2026524)_260601_4.jpg"
"P053","2026 conference","likely-public-event","LINE_ALBUM_JpGU (2026524)_260601_5.jpg","0.17","2026/6/1 上午 11:01:27","C:\Users\YFLin\OneDrive - 中原大學\中原林穎凡資料夾\2. 研究計畫\2026研討會\JpGU\照片\LINE_ALBUM_JpGU (2026524)_260601_5.jpg","JpGU\照片\LINE_ALBUM_JpGU (2026524)_260601_5.jpg"
"P054","2026 conference","likely-public-event","LINE_ALBUM_JpGU (2026524)_260601_6.jpg","0.17","2026/6/1 上午 11:01:28","C:\Users\YFLin\OneDrive - 中原大學\中原林穎凡資料夾\2. 研究計畫\2026研討會\JpGU\照片\LINE_ALBUM_JpGU (2026524)_260601_6.jpg","JpGU\照片\LINE_ALBUM_JpGU (2026524)_260601_6.jpg"
"P055","2026 conference","likely-public-event","messageImage_1773659319517.jpg","0.31","2026/3/17 上午 09:01:35","C:\Users\YFLin\OneDrive - 中原大學\中原林穎凡資料夾\2. 研究計畫\2026研討會\JpGU\機加酒\messageImage_1773659319517.jpg","JpGU\機加酒\messageImage_1773659319517.jpg"
"P056","2026 conference","likely-public-event","algora-home.png","0.47","2026/5/11 上午 11:43:04","C:\Users\YFLin\OneDrive - 中原大學\中原林穎凡資料夾\2. 研究計畫\2026研討會\地下水研討會\algora-home.png","地下水研討會\algora-home.png"
"P057","2026 conference","likely-public-event","algora-transactions.png","0.04","2026/5/11 上午 11:45:53","C:\Users\YFLin\OneDrive - 中原大學\中原林穎凡資料夾\2. 研究計畫\2026研討會\地下水研討會\algora-transactions.png","地下水研討會\algora-transactions.png"
"P058","2026 conference","likely-public-event","banner.png","0.19","2026/3/19 上午 10:24:38","C:\Users\YFLin\OneDrive - 中原大學\中原林穎凡資料夾\2. 研究計畫\2026研討會\地下水研討會\codex-bounty-work\coolify\vendor\driftingly\rector-laravel\banner.png","地下水研討會\codex-bounty-work\coolify\vendor\driftingly\rector-laravel\banner.png"
"P059","2026 conference","likely-public-event","spin-diagram.png","0.05","2025/11/6 上午 11:13:56","C:\Users\YFLin\OneDrive - 中原大學\中原林穎凡資料夾\2. 研究計畫\2026研討會\地下水研討會\codex-bounty-work\coolify\vendor\serversideup\spin\.github\spin-diagram.png","地下水研討會\codex-bounty-work\coolify\vendor\serversideup\spin\.github\spin-diagram.png"
"P060","2026 conference","likely-public-event","socialcard.png","0.42","2026/3/24 上午 05:33:52","C:\Users\YFLin\OneDrive - 中原大學\中原林穎凡資料夾\2. 研究計畫\2026研討會\地下水研討會\codex-bounty-work\coolify\vendor\spatie\laravel-activitylog\art\socialcard.png","地下水研討會\codex-bounty-work\coolify\vendor\spatie\laravel-activitylog\art\socialcard.png"
"P061","2026 conference","likely-public-event","preview_lagging_theory_flow_matching_paper_p1.png","0.18","2026/5/7 下午 04:57:01","C:\Users\YFLin\OneDrive - 中原大學\中原林穎凡資料夾\2. 研究計畫\2026研討會\地下水研討會\conference_papers\preview_lagging_theory_flow_matching_paper_p1.png","地下水研討會\conference_papers\preview_lagging_theory_flow_matching_paper_p1.png"
"P062","2026 conference","likely-public-event","preview_lagging_theory_flow_matching_paper_p4.png","0.11","2026/5/7 下午 04:57:01","C:\Users\YFLin\OneDrive - 中原大學\中原林穎凡資料夾\2. 研究計畫\2026研討會\地下水研討會\conference_papers\preview_lagging_theory_flow_matching_paper_p4.png","地下水研討會\conference_papers\preview_lagging_theory_flow_matching_paper_p4.png"
"P063","2026 conference","likely-public-event","preview_thermal_response_test_ai_surrogate_paper_p1.png","0.17","2026/5/7 下午 04:57:01","C:\Users\YFLin\OneDrive - 中原大學\中原林穎凡資料夾\2. 研究計畫\2026研討會\地下水研討會\conference_papers\preview_thermal_response_test_ai_surrogate_paper_p1.png","地下水研討會\conference_papers\preview_thermal_response_test_ai_surrogate_paper_p1.png"
"P064","2026 conference","likely-public-event","preview_thermal_response_test_ai_surrogate_paper_p4.png","0.08","2026/5/7 下午 04:57:01","C:\Users\YFLin\OneDrive - 中原大學\中原林穎凡資料夾\2. 研究計畫\2026研討會\地下水研討會\conference_papers\preview_thermal_response_test_ai_surrogate_paper_p4.png","地下水研討會\conference_papers\preview_thermal_response_test_ai_surrogate_paper_p4.png"
"P065","2026 conference","likely-public-event","preview_final_lagging_theory_flow_matching_paper_p1.png","0.17","2026/5/7 下午 04:58:01","C:\Users\YFLin\OneDrive - 中原大學\中原林穎凡資料夾\2. 研究計畫\2026研討會\地下水研討會\conference_papers\preview_final_lagging_theory_flow_matching_paper_p1.png","地下水研討會\conference_papers\preview_final_lagging_theory_flow_matching_paper_p1.png"
"P066","2026 conference","likely-public-event","preview_final_lagging_theory_flow_matching_paper_p4.png","0.1","2026/5/7 下午 04:58:01","C:\Users\YFLin\OneDrive - 中原大學\中原林穎凡資料夾\2. 研究計畫\2026研討會\地下水研討會\conference_papers\preview_final_lagging_theory_flow_matching_paper_p4.png","地下水研討會\conference_papers\preview_final_lagging_theory_flow_matching_paper_p4.png"
"P067","2026 conference","likely-public-event","trt_synthetic_ils_curves.png","0.15","2026/5/7 下午 02:36:11","C:\Users\YFLin\OneDrive - 中原大學\中原林穎凡資料夾\2. 研究計畫\2026研討會\地下水研討會\conference_papers\assets\trt_synthetic_ils_curves.png","地下水研討會\conference_papers\assets\trt_synthetic_ils_curves.png"
"P068","2026 conference","likely-public-event","trt_flow_median_estimates.png","0.12","2026/5/7 下午 02:36:21","C:\Users\YFLin\OneDrive - 中原大學\中原林穎凡資料夾\2. 研究計畫\2026研討會\地下水研討會\conference_papers\assets\trt_flow_median_estimates.png","地下水研討會\conference_papers\assets\trt_flow_median_estimates.png"
"P069","2026 conference","likely-public-event","trt_single_curve_parameter_cloud.png","0.06","2026/5/7 下午 02:36:21","C:\Users\YFLin\OneDrive - 中原大學\中原林穎凡資料夾\2. 研究計畫\2026研討會\地下水研討會\conference_papers\assets\trt_single_curve_parameter_cloud.png","地下水研討會\conference_papers\assets\trt_single_curve_parameter_cloud.png"
"P070","2026 conference","likely-public-event","trt_noise_vs_uncertainty_width.png","0.09","2026/5/7 下午 02:36:25","C:\Users\YFLin\OneDrive - 中原大學\中原林穎凡資料夾\2. 研究計畫\2026研討會\地下水研討會\conference_papers\assets\trt_noise_vs_uncertainty_width.png","地下水研討會\conference_papers\assets\trt_noise_vs_uncertainty_width.png"
"P071","2026 conference","likely-public-event","lagging_fig01_workflow.png","0.06","2026/5/7 下午 03:30:34","C:\Users\YFLin\OneDrive - 中原大學\中原林穎凡資料夾\2. 研究計畫\2026研討會\地下水研討會\conference_papers\assets\lagging_fig01_workflow.png","地下水研討會\conference_papers\assets\lagging_fig01_workflow.png"
"P072","2026 conference","likely-public-event","lagging_mw_distance_identifiability.png","0.14","2026/5/7 下午 04:36:18","C:\Users\YFLin\OneDrive - 中原大學\中原林穎凡資料夾\2. 研究計畫\2026研討會\地下水研討會\conference_papers\assets\lagging_mw_distance_identifiability.png","地下水研討會\conference_papers\assets\lagging_mw_distance_identifiability.png"
"P073","2026 conference","likely-public-event","image2_trt_journal_workflow.png","1.14","2026/5/7 下午 05:23:12","C:\Users\YFLin\OneDrive - 中原大學\中原林穎凡資料夾\2. 研究計畫\2026研討會\地下水研討會\conference_papers\cmc_figures\image2_trt_journal_workflow.png","地下水研討會\conference_papers\cmc_figures\image2_trt_journal_workflow.png"
"P074","2026 conference","likely-public-event","image2_lagging_journal_workflow.png","1.13","2026/5/7 下午 05:25:05","C:\Users\YFLin\OneDrive - 中原大學\中原林穎凡資料夾\2. 研究計畫\2026研討會\地下水研討會\conference_papers\cmc_figures\image2_lagging_journal_workflow.png","地下水研討會\conference_papers\cmc_figures\image2_lagging_journal_workflow.png"
"P075","2026 conference","likely-public-event","image2_lagging_journal_workflow_labeled.png","1.07","2026/5/7 下午 06:07:31","C:\Users\YFLin\OneDrive - 中原大學\中原林穎凡資料夾\2. 研究計畫\2026研討會\地下水研討會\conference_papers\cmc_figures\image2_lagging_journal_workflow_labeled.png","地下水研討會\conference_papers\cmc_figures\image2_lagging_journal_workflow_labeled.png"
"P076","2026 conference","likely-public-event","image2_trt_journal_workflow_labeled.png","1.12","2026/5/7 下午 06:07:31","C:\Users\YFLin\OneDrive - 中原大學\中原林穎凡資料夾\2. 研究計畫\2026研討會\地下水研討會\conference_papers\cmc_figures\image2_trt_journal_workflow_labeled.png","地下水研討會\conference_papers\cmc_figures\image2_trt_journal_workflow_labeled.png"
"P077","2026 conference","likely-public-event","trt_fig01_workflow.png","0.06","2026/5/8 下午 01:16:55","C:\Users\YFLin\OneDrive - 中原大學\中原林穎凡資料夾\2. 研究計畫\2026研討會\地下水研討會\conference_papers\cmc_figures\trt_fig01_workflow.png","地下水研討會\conference_papers\cmc_figures\trt_fig01_workflow.png"
"P078","2026 conference","likely-public-event","trt_fig01_graphical_workflow.png","0.14","2026/5/8 下午 01:16:55","C:\Users\YFLin\OneDrive - 中原大學\中原林穎凡資料夾\2. 研究計畫\2026研討會\地下水研討會\conference_papers\cmc_figures\trt_fig01_graphical_workflow.png","地下水研討會\conference_papers\cmc_figures\trt_fig01_graphical_workflow.png"
"P079","2026 conference","likely-public-event","figure01_conceptual_model.png","0.05","2026/5/21 下午 05:27:28","C:\Users\YFLin\OneDrive - 中原大學\中原林穎凡資料夾\2. 研究計畫\2026研討會\地下水研討會\conference_papers\wentzell_interface_groundwater\figures\figure01_conceptual_model.png","地下水研討會\conference_papers\wentzell_interface_groundwater\figures\figure01_conceptual_model.png"
"P080","2026 conference","likely-public-event","figure02_wentzell_terms.png","0.09","2026/5/21 下午 05:27:29","C:\Users\YFLin\OneDrive - 中原大學\中原林穎凡資料夾\2. 研究計畫\2026研討會\地下水研討會\conference_papers\wentzell_interface_groundwater\figures\figure02_wentzell_terms.png","地下水研討會\conference_papers\wentzell_interface_groundwater\figures\figure02_wentzell_terms.png"
"P081","2026 conference","likely-public-event","figure03_response_regime_map.png","0.09","2026/5/21 下午 05:27:33","C:\Users\YFLin\OneDrive - 中原大學\中原林穎凡資料夾\2. 研究計畫\2026研討會\地下水研討會\conference_papers\wentzell_interface_groundwater\figures\figure03_response_regime_map.png","地下水研討會\conference_papers\wentzell_interface_groundwater\figures\figure03_response_regime_map.png"
"P082","2026 conference","likely-public-event","figure04_transient_drawdown.png","0.2","2026/5/21 下午 05:27:34","C:\Users\YFLin\OneDrive - 中原大學\中原林穎凡資料夾\2. 研究計畫\2026研討會\地下水研討會\conference_papers\wentzell_interface_groundwater\figures\figure04_transient_drawdown.png","地下水研討會\conference_papers\wentzell_interface_groundwater\figures\figure04_transient_drawdown.png"
"P083","2026 conference","likely-public-event","figure05_interface_profiles.png","0.19","2026/5/21 下午 05:27:35","C:\Users\YFLin\OneDrive - 中原大學\中原林穎凡資料夾\2. 研究計畫\2026研討會\地下水研討會\conference_papers\wentzell_interface_groundwater\figures\figure05_interface_profiles.png","地下水研討會\conference_papers\wentzell_interface_groundwater\figures\figure05_interface_profiles.png"
"P084","2026 conference","likely-public-event","figure06_error_efficiency.png","0.1","2026/5/21 下午 05:27:36","C:\Users\YFLin\OneDrive - 中原大學\中原林穎凡資料夾\2. 研究計畫\2026研討會\地下水研討會\conference_papers\wentzell_interface_groundwater\figures\figure06_error_efficiency.png","地下水研討會\conference_papers\wentzell_interface_groundwater\figures\figure06_error_efficiency.png"
"P085","2026 conference","likely-public-event","preview_page_1.png","0.2","2026/5/7 下午 04:49:36","C:\Users\YFLin\OneDrive - 中原大學\中原林穎凡資料夾\2. 研究計畫\2026研討會\地下水研討會\flow_matching_report\preview_page_1.png","地下水研討會\flow_matching_report\preview_page_1.png"
"P086","2026 conference","likely-public-event","preview_page_4.png","0.13","2026/5/7 下午 04:49:37","C:\Users\YFLin\OneDrive - 中原大學\中原林穎凡資料夾\2. 研究計畫\2026研討會\地下水研討會\flow_matching_report\preview_page_4.png","地下水研討會\flow_matching_report\preview_page_4.png"
"P087","2026 conference","likely-public-event","mw_distance_identifiability.png","0.14","2026/5/7 下午 04:36:18","C:\Users\YFLin\OneDrive - 中原大學\中原林穎凡資料夾\2. 研究計畫\2026研討會\地下水研討會\flow_matching_report\assets\mw_distance_identifiability.png","地下水研討會\flow_matching_report\assets\mw_distance_identifiability.png"
"P088","2026 conference","likely-public-event","mw_tau_pair_clouds.png","0.29","2026/5/7 下午 04:36:21","C:\Users\YFLin\OneDrive - 中原大學\中原林穎凡資料夾\2. 研究計畫\2026研討會\地下水研討會\flow_matching_report\assets\mw_tau_pair_clouds.png","地下水研討會\flow_matching_report\assets\mw_tau_pair_clouds.png"
"P089","2026 conference","likely-public-event","mw_selected_parameter_kdes.png","0.24","2026/5/7 下午 04:36:23","C:\Users\YFLin\OneDrive - 中原大學\中原林穎凡資料夾\2. 研究計畫\2026研討會\地下水研討會\flow_matching_report\assets\mw_selected_parameter_kdes.png","地下水研討會\flow_matching_report\assets\mw_selected_parameter_kdes.png"
"P090","2026 conference","likely-public-event","dtrt_fig01_framework.png","0.19","2026/5/15 下午 12:58:21","C:\Users\YFLin\OneDrive - 中原大學\中原林穎凡資料夾\2. 研究計畫\2026研討會\地下水研討會\journal_dtrt_transformation_uncertainty\figures\dtrt_fig01_framework.png","地下水研討會\journal_dtrt_transformation_uncertainty\figures\dtrt_fig01_framework.png"
"P091","2026 conference","likely-public-event","dtrt_fig02_observation_heatmap.png","0.4","2026/5/15 下午 12:58:23","C:\Users\YFLin\OneDrive - 中原大學\中原林穎凡資料夾\2. 研究計畫\2026研討會\地下水研討會\journal_dtrt_transformation_uncertainty\figures\dtrt_fig02_observation_heatmap.png","地下水研討會\journal_dtrt_transformation_uncertainty\figures\dtrt_fig02_observation_heatmap.png"
"P092","2026 conference","likely-public-event","dtrt_fig03_residual_maps.png","0.3","2026/5/15 下午 12:58:27","C:\Users\YFLin\OneDrive - 中原大學\中原林穎凡資料夾\2. 研究計畫\2026研討會\地下水研討會\journal_dtrt_transformation_uncertainty\figures\dtrt_fig03_residual_maps.png","地下水研討會\journal_dtrt_transformation_uncertainty\figures\dtrt_fig03_residual_maps.png"
"P093","2026 conference","likely-public-event","dtrt_fig04_residual_decomposition.png","0.18","2026/5/15 下午 12:58:29","C:\Users\YFLin\OneDrive - 中原大學\中原林穎凡資料夾\2. 研究計畫\2026研討會\地下水研討會\journal_dtrt_transformation_uncertainty\figures\dtrt_fig04_residual_decomposition.png","地下水研討會\journal_dtrt_transformation_uncertainty\figures\dtrt_fig04_residual_decomposition.png"
"P094","2026 conference","likely-public-event","dtrt_fig05_parameter_profiles.png","0.43","2026/5/15 下午 12:58:30","C:\Users\YFLin\OneDrive - 中原大學\中原林穎凡資料夾\2. 研究計畫\2026研討會\地下水研討會\journal_dtrt_transformation_uncertainty\figures\dtrt_fig05_parameter_profiles.png","地下水研討會\journal_dtrt_transformation_uncertainty\figures\dtrt_fig05_parameter_profiles.png"
"P095","2026 conference","likely-public-event","dtrt_fig06_benchmark_protocol.png","0.41","2026/5/15 下午 12:58:31","C:\Users\YFLin\OneDrive - 中原大學\中原林穎凡資料夾\2. 研究計畫\2026研討會\地下水研討會\journal_dtrt_transformation_uncertainty\figures\dtrt_fig06_benchmark_protocol.png","地下水研討會\journal_dtrt_transformation_uncertainty\figures\dtrt_fig06_benchmark_protocol.png"
"P096","2026 conference","likely-public-event","dtrt_fig01_framework.png","0.19","2026/5/15 下午 12:58:21","C:\Users\YFLin\OneDrive - 中原大學\中原林穎凡資料夾\2. 研究計畫\2026研討會\地下水研討會\journal_dtrt_transformation_uncertainty\overleaf_package\figures\dtrt_fig01_framework.png","地下水研討會\journal_dtrt_transformation_uncertainty\overleaf_package\figures\dtrt_fig01_framework.png"
"P097","2026 conference","likely-public-event","dtrt_fig02_observation_heatmap.png","0.4","2026/5/15 下午 12:58:23","C:\Users\YFLin\OneDrive - 中原大學\中原林穎凡資料夾\2. 研究計畫\2026研討會\地下水研討會\journal_dtrt_transformation_uncertainty\overleaf_package\figures\dtrt_fig02_observation_heatmap.png","地下水研討會\journal_dtrt_transformation_uncertainty\overleaf_package\figures\dtrt_fig02_observation_heatmap.png"
"P098","2026 conference","likely-public-event","dtrt_fig03_residual_maps.png","0.3","2026/5/15 下午 12:58:27","C:\Users\YFLin\OneDrive - 中原大學\中原林穎凡資料夾\2. 研究計畫\2026研討會\地下水研討會\journal_dtrt_transformation_uncertainty\overleaf_package\figures\dtrt_fig03_residual_maps.png","地下水研討會\journal_dtrt_transformation_uncertainty\overleaf_package\figures\dtrt_fig03_residual_maps.png"
"P099","2026 conference","likely-public-event","dtrt_fig04_residual_decomposition.png","0.18","2026/5/15 下午 12:58:29","C:\Users\YFLin\OneDrive - 中原大學\中原林穎凡資料夾\2. 研究計畫\2026研討會\地下水研討會\journal_dtrt_transformation_uncertainty\overleaf_package\figures\dtrt_fig04_residual_decomposition.png","地下水研討會\journal_dtrt_transformation_uncertainty\overleaf_package\figures\dtrt_fig04_residual_decomposition.png"
"P100","2026 conference","likely-public-event","dtrt_fig05_parameter_profiles.png","0.43","2026/5/15 下午 12:58:30","C:\Users\YFLin\OneDrive - 中原大學\中原林穎凡資料夾\2. 研究計畫\2026研討會\地下水研討會\journal_dtrt_transformation_uncertainty\overleaf_package\figures\dtrt_fig05_parameter_profiles.png","地下水研討會\journal_dtrt_transformation_uncertainty\overleaf_package\figures\dtrt_fig05_parameter_profiles.png"
"P101","2026 conference","likely-public-event","dtrt_fig06_benchmark_protocol.png","0.41","2026/5/15 下午 12:58:31","C:\Users\YFLin\OneDrive - 中原大學\中原林穎凡資料夾\2. 研究計畫\2026研討會\地下水研討會\journal_dtrt_transformation_uncertainty\overleaf_package\figures\dtrt_fig06_benchmark_protocol.png","地下水研討會\journal_dtrt_transformation_uncertainty\overleaf_package\figures\dtrt_fig06_benchmark_protocol.png"
"P102","2026 conference","likely-public-event","lagwise_ai_icon_source.png","1.49","2026/5/8 下午 05:13:17","C:\Users\YFLin\OneDrive - 中原大學\中原林穎凡資料夾\2. 研究計畫\2026研討會\地下水研討會\journal_lagging_theory_joh\assets\lagwise_ai_icon_source.png","地下水研討會\journal_lagging_theory_joh\assets\lagwise_ai_icon_source.png"
"P103","2026 conference","likely-public-event","lagwise_ai_icon_sheet_v2.png","1.1","2026/5/8 下午 06:59:17","C:\Users\YFLin\OneDrive - 中原大學\中原林穎凡資料夾\2. 研究計畫\2026研討會\地下水研討會\journal_lagging_theory_joh\assets\lagwise_ai_icon_sheet_v2.png","地下水研討會\journal_lagging_theory_joh\assets\lagwise_ai_icon_sheet_v2.png"
"P104","2026 conference","likely-public-event","lagwise_eight_icon_sheet_v1.png","0.92","2026/5/8 下午 07:05:28","C:\Users\YFLin\OneDrive - 中原大學\中原林穎凡資料夾\2. 研究計畫\2026研討會\地下水研討會\journal_lagging_theory_joh\assets\lagwise_eight_icon_sheet_v1.png","地下水研討會\journal_lagging_theory_joh\assets\lagwise_eight_icon_sheet_v1.png"
"P105","2026 conference","likely-public-event","ChatGPT Image 2026年5月8日 下午07_40_19.png","1.42","2026/5/8 下午 07:46:52","C:\Users\YFLin\OneDrive - 中原大學\中原林穎凡資料夾\2. 研究計畫\2026研討會\地下水研討會\journal_lagging_theory_joh\assets\ChatGPT Image 2026年5月8日 下午07_40_19.png","地下水研討會\journal_lagging_theory_joh\assets\ChatGPT Image 2026年5月8日 下午07_40_19.png"
"P106","2026 conference","likely-public-event","GA.png","1.48","2026/5/9 上午 07:20:46","C:\Users\YFLin\OneDrive - 中原大學\中原林穎凡資料夾\2. 研究計畫\2026研討會\地下水研討會\journal_lagging_theory_joh\assets\GA.png","地下水研討會\journal_lagging_theory_joh\assets\GA.png"
"P107","2026 conference","likely-public-event","GA_b.png","1.12","2026/5/9 上午 08:23:17","C:\Users\YFLin\OneDrive - 中原大學\中原林穎凡資料夾\2. 研究計畫\2026研討會\地下水研討會\journal_lagging_theory_joh\assets\GA_b.png","地下水研討會\journal_lagging_theory_joh\assets\GA_b.png"
"P108","2026 conference","likely-public-event","joh_fig01_icon_field_network.png","0.6","2026/5/8 下午 05:20:28","C:\Users\YFLin\OneDrive - 中原大學\中原林穎凡資料夾\2. 研究計畫\2026研討會\地下水研討會\journal_lagging_theory_joh\assets\lagwise_icons\joh_fig01_icon_field_network.png","地下水研討會\journal_lagging_theory_joh\assets\lagwise_icons\joh_fig01_icon_field_network.png"
"P109","2026 conference","likely-public-event","joh_fig01_icon_bayesian_check.png","0.05","2026/5/8 下午 05:20:28","C:\Users\YFLin\OneDrive - 中原大學\中原林穎凡資料夾\2. 研究計畫\2026研討會\地下水研討會\journal_lagging_theory_joh\assets\lagwise_icons\joh_fig01_icon_bayesian_check.png","地下水研討會\journal_lagging_theory_joh\assets\lagwise_icons\joh_fig01_icon_bayesian_check.png"
"P110","2026 conference","likely-public-event","joh_fig01_icon_time_windows.png","0.09","2026/5/8 下午 05:20:28","C:\Users\YFLin\OneDrive - 中原大學\中原林穎凡資料夾\2. 研究計畫\2026研討會\地下水研討會\journal_lagging_theory_joh\assets\lagwise_icons\joh_fig01_icon_time_windows.png","地下水研討會\journal_lagging_theory_joh\assets\lagwise_icons\joh_fig01_icon_time_windows.png"
"P111","2026 conference","likely-public-event","joh_fig01_icon_segmented_curves.png","0.15","2026/5/8 下午 05:20:28","C:\Users\YFLin\OneDrive - 中原大學\中原林穎凡資料夾\2. 研究計畫\2026研討會\地下水研討會\journal_lagging_theory_joh\assets\lagwise_icons\joh_fig01_icon_segmented_curves.png","地下水研討會\journal_lagging_theory_joh\assets\lagwise_icons\joh_fig01_icon_segmented_curves.png"
"P112","2026 conference","likely-public-event","joh_fig01_literature_workflow.png","0.3","2026/5/11 上午 09:28:20","C:\Users\YFLin\OneDrive - 中原大學\中原林穎凡資料夾\2. 研究計畫\2026研討會\地下水研討會\journal_lagging_theory_joh\figures\joh_fig01_literature_workflow.png","地下水研討會\journal_lagging_theory_joh\figures\joh_fig01_literature_workflow.png"
"P113","2026 conference","likely-public-event","joh_fig02_model_selection_all_wells.png","0.48","2026/5/11 上午 09:28:23","C:\Users\YFLin\OneDrive - 中原大學\中原林穎凡資料夾\2. 研究計畫\2026研討會\地下水研討會\journal_lagging_theory_joh\figures\joh_fig02_model_selection_all_wells.png","地下水研討會\journal_lagging_theory_joh\figures\joh_fig02_model_selection_all_wells.png"
"P114","2026 conference","likely-public-event","joh_fig03_all_well_drawdown_bands.png","1.14","2026/5/11 上午 09:28:31","C:\Users\YFLin\OneDrive - 中原大學\中原林穎凡資料夾\2. 研究計畫\2026研討會\地下水研討會\journal_lagging_theory_joh\figures\joh_fig03_all_well_drawdown_bands.png","地下水研討會\journal_lagging_theory_joh\figures\joh_fig03_all_well_drawdown_bands.png"
"P115","2026 conference","likely-public-event","joh_fig04_field_parameter_intervals.png","0.47","2026/5/11 上午 09:28:33","C:\Users\YFLin\OneDrive - 中原大學\中原林穎凡資料夾\2. 研究計畫\2026研討會\地下水研討會\journal_lagging_theory_joh\figures\joh_fig04_field_parameter_intervals.png","地下水研討會\journal_lagging_theory_joh\figures\joh_fig04_field_parameter_intervals.png"
